[
  {
    "name": "Books & Reference",
    "description": "1",
	"imageUrl": "img/a.png"
  },
  {
    "name": "Business",
    "description": "1",
	"imageUrl": "img/a.png"
  },
  {
    "name": "Comics",
    "description": "1",
	"imageUrl": "img/a.png"
  },
  {
    "name": "Communication",
    "description": "1",
	"imageUrl": "img/a.png"
  },
  {
    "name": "Education",
    "description": "1",
	"imageUrl": "img/a.png"
  },
  {
    "name": "Entertainment",
    "description": "1",
	"imageUrl": "img/a.png"
  },
  {
    "name": "Finance",
    "description": "1",
	"imageUrl": "img/a.png"
  },
  {
    "name": "Health & Fitness",
    "description": "1",
	"imageUrl": "img/a.png"
  },
  {
    "name": "Libraries & Demo",
    "description": "1",
	"imageUrl": "img/a.png"
  },
  {
    "name": "Lifestyle",
    "description": "1",
	"imageUrl": "img/a.png"
  },
  {
    "name": "Live Wallpaper",
    "description": "1",
	"imageUrl": "img/a.png"
  },
  {
    "name": "Media & Video",
    "description": "1",
	"imageUrl": "img/a.png"
  },
  {
    "name": "News & Magazines",
    "description": "1",
	"imageUrl": "img/a.png"
  },
  {
    "name": "Personalization",
    "description": "1",
	"imageUrl": "img/a.png"
  },
  {
    "name": "Photography",
    "description": "1",
	"imageUrl": "img/a.png"
  },
  {
    "name": "Productivity",
    "description": "1",
	"imageUrl": "img/a.png"
  },
  {
    "name": "Shopping",
    "description": "1",
	"imageUrl": "img/a.png"
  },
  {
    "name": "Social",
    "description": "1",
	"imageUrl": "img/a.png"
  },
  {
    "name": "Sports",
    "description": "1",
	"imageUrl": "img/a.png"
  },
  {
    "name": "Transportation",
    "description": "1",
	"imageUrl": "img/a.png"
  },
  {
    "name": "Travel & Local",
    "description": "1",
	"imageUrl": "img/a.png"
  },
  {
    "name": "Weather",
    "description": "1",
	"imageUrl": "img/a.png"
  },
  {
    "name": "Widgets",
    "description": "1",
	"imageUrl": "img/a.png"
  }
]